_id,ltable_id,rtable_id,ltable_title,ltable_year,ltable_mpaa,ltable_runtime,ltable_genres,ltable_director,ltable_stars,ltable_gross,rtable_title,rtable_year,rtable_mpaa,rtable_runtime,rtable_genres,rtable_director,rtable_stars,rtable_gross,gold
3833512,3654,10760,Invincible,2006,PG,105 min,"Biography, Drama, Sport",Ericson Core,"Mark Wahlberg,Greg Kinnear,Elizabeth Banks,Kevin Conway",$57.79M,Invincible,2006,PG,104 minutes,Drama,Ericson Core,Mark Wahlberg,"$58,501,127",1
3080290,1363,8745,Pi,1998,R,84 min,"Drama, Horror, Mystery",Darren Aronofsky,"Sean Gullette,Mark Margolis,Ben Shenkman,Pamela Hart",$3.22M,Pi,1998,R,-1,Thriller/Suspense,Darren Aronofsky,-1,"$4,678,513",1
796327,728,2340,A Single Man,2009,R,99 min,"Drama, Romance",Tom Ford,"Colin Firth,Julianne Moore,Matthew Goode,Nicholas Hoult",$9.17M,Bodyguard: A New Beginning,2009,R,-1,-1,-1,-1,-1,0
4122506,1234,11496,The People vs. Larry Flynt,1996,R,129 min,"Biography, Drama",Milos Forman,"Woody Harrelson,Courtney Love,Edward Norton,Brett Harrelson",$20.19M,The People vs. Larry Flynt,1996,R,-1,Drama,Milos Forman,-1,-1,1
1037325,4065,3122,Going Clear: Scientology & the Prison of Belief,2015,Not Rated,119 min,Documentary,Alex Gibney,"Paul Haggis,Jason Beghe,Spanky Taylor,David Miscavige",-1,The Duke of Burgundy,2015,Not Rated,106 minutes,Drama,Peter Strickland,"Sidse Babett Knudsen,Chiara D'Anna","$108,365",0
9226185,2410,26005,Titus,1999,R,162 min,"Drama, History, Thriller",Julie Taymor,"Anthony Hopkins,Jessica Lange,Osheen Jones,Dario D'Ambrosi",$1.92M,Titus,1999,R,-1,Drama,-1,-1,"$2,920,616",1
2038440,2651,5764,Clueless,1995,PG-13,97 min,"Comedy, Romance",Amy Heckerling,"Alicia Silverstone,Stacey Dash,Brittany Murphy,Paul Rudd",$56.63M,Clueless,1995,PG-13,97 minutes,Comedy,Amy Heckerling,-1,-1,1
5046178,3894,13963,The Messenger: The Story of Joan of Arc,1999,R,148 min,"Adventure, Biography, Drama",Luc Besson,"Milla Jovovich,John Malkovich,Rab Affleck,Stéphane Algoud",$14.28M,Man of the Century,1999,R,-1,-1,-1,-1,-1,0
8310373,3005,23324,Memoirs of a Geisha,2005,PG-13,145 min,"Drama, Romance",Rob Marshall,"Ziyi Zhang,Ken Watanabe,Michelle Yeoh,Suzuka Ohgo",$57.49M,Star Wars Ep. III: Revenge of the Sith,2005,PG-13,139 minutes,Adventure,George Lucas,"Ewan McGregor,Natalie Portman,Hayden Christensen","$848,998,877",0
6389894,1612,17373,Borat: Cultural Learnings of America for Make Benefit Glorious Nation of Kazakhstan,2006,R,84 min,Comedy,Larry Charles,"Sacha Baron Cohen,Ken Davitian,Luenell,Chester",$128.51M,The Last King of Scotland,2006,R,121 minutes,Drama,Kevin MacDonald,"Forest Whitaker,James McAvoy,Kerry Washington","$49,155,371",0
8333903,2950,23375,Stand and Deliver,1988,PG,103 min,Drama,Ramón Menéndez,"Edward James Olmos,Estelle Harris,Mark Phelan,Virginia Paris",$13.99M,Stand and Deliver,1988,PG,103 minutes,Drama,Ramon Mendendez,-1,-1,1
1966377,4007,5598,The Wings of the Dove,1997,R,102 min,"Drama, Romance",Iain Softley,"Helena Bonham Carter,Linus Roache,Alex Jennings,Charlotte Rampling",$13.72M,The House of Yes,1997,R,-1,Comedy,-1,-1,-1,0
10702393,416,30136,Zelig,1983,PG,79 min,Comedy,Woody Allen,"Woody Allen,Mia Farrow,Patrick Horgan,John Buckwalter",$11.80M,Zelig,1983,PG,79 minutes,Comedy,Woody Allen,-1,-1,1
9065980,2242,25665,Man of Steel,2013,PG-13,143 min,"Action, Adventure, Fantasy",Zack Snyder,"Henry Cavill,Amy Adams,Michael Shannon,Diane Lane",$291.05M,Rumors of Wars,2013,PG-13,-1,Thriller/Suspense,Paul Tomborello,-1,-1,0
5476297,3795,15005,30 Days of Night,2007,R,113 min,"Horror, Thriller",David Slade,"Josh Hartnett,Melissa George,Danny Huston,Ben Foster",$39.57M,In the Valley of Elah,2007,R,121 minutes,Drama,Paul Haggis,"Tommy Lee Jones,Charlize Theron","$24,489,150",0
9575997,796,26922,RoboCop,1987,R,102 min,"Action, Crime, Sci-Fi",Paul Verhoeven,"Peter Weller,Nancy Allen,Dan O'Herlihy,Ronny Cox",$53.42M,RoboCop,1987,R,-1,Action,Paul Verhoeven,-1,-1,1
8300536,2133,23313,Stardust,2007,PG-13,127 min,"Adventure, Family, Fantasy",Matthew Vaughn,"Charlie Cox,Claire Danes,Sienna Miller,Ian McKellen",$38.63M,Stardust,2007,PG-13,128 minutes,Adventure,Matthew Vaughn,"Claire Danes,Michelle Pfeiffer,Robert De Niro,Charlie Cox,Sienna Miller","$137,022,245",1
3510053,4054,9928,Tears of the Sun,2003,R,121 min,"Action, Drama, Thriller",Antoine Fuqua,"Bruce Willis,Cole Hauser,Monica Bellucci,Eamonn Walker",$43.73M,The Life of David Gale,2003,R,-1,Thriller/Suspense,Alan Parker,Kevin Spacey,"$28,920,188",0
6668505,4204,18010,The Legend of 1900,1998,R,165 min,"Drama, Music, Romance",Giuseppe Tornatore,"Tim Roth,Pruitt Taylor Vince,Bill Nunn,Clarence Williams III",$0.26M,The Last Days of Disco,1998,R,-1,Drama,Whit Stillman,-1,-1,0
7604494,1455,21035,Far from Heaven,2002,PG-13,107 min,Drama,Todd Haynes,"Julianne Moore,Dennis Quaid,Dennis Haysbert,Patricia Clarkson",$15.85M,Far From Heaven,2002,PG-13,-1,Drama,Todd Haynes,"Julianne Moore,Dennis Quaid","$29,027,914",1
2316922,1782,6557,Dear Zachary: A Letter to a Son About His Father,2008,Not Rated,95 min,"Documentary, Biography, Crime",Kurt Kuenne,"Kurt Kuenne,Andrew Bagby,David Bagby,Kathleen Bagby",-1,Horton Hears a Who (TV Special),2008,Not Rated,26 minutes,Adventure,-1,-1,-1,0
574124,1291,1580,Crimson Tide,1995,R,116 min,"Action, Drama, Thriller",Tony Scott,"Gene Hackman,Denzel Washington,Matt Craven,George Dzundza",$91.40M,Crimson Tide,1995,R,116 minutes,Action,Tony Scott,"Denzel Washington,Gene Hackman","$159,387,195",1
876034,3579,2600,Copycat,1995,R,123 min,"Drama, Mystery, Thriller",Jon Amiel,"Sigourney Weaver,Holly Hunter,Dermot Mulroney,William McNamara",$32.05M,Copycat,1995,R,-1,Thriller/Suspense,Jon Amiel,Sigourney Weaver,-1,1
4262647,1815,11903,In the Line of Fire,1993,R,128 min,"Action, Crime, Drama",Wolfgang Petersen,"Clint Eastwood,John Malkovich,Rene Russo,Dylan McDermott",$102.31M,Map of the Human Heart,1993,R,-1,Drama,-1,-1,-1,0
5552995,2188,15241,Six Degrees of Separation,1993,R,112 min,"Comedy, Drama, Mystery",Fred Schepisi,"Will Smith,Stockard Channing,Donald Sutherland,Ian McKellen",$6.41M,In the Name of the Father,1993,R,-1,Drama,Jim Sheridan,"Daniel Day-Lewis,Pete Postlethwaite",-1,0
5773426,3005,15720,Memoirs of a Geisha,2005,PG-13,145 min,"Drama, Romance",Rob Marshall,"Ziyi Zhang,Ken Watanabe,Michelle Yeoh,Suzuka Ohgo",$57.49M,The Exorcism of Emily Rose,2005,PG-13,119 minutes,Horror,Scott Derrickson,-1,"$144,529,078",0
7044925,1714,19164,The Squid and the Whale,2005,R,81 min,"Comedy, Drama",Noah Baumbach,"Owen Kline,Jeff Daniels,Laura Linney,Jesse Eisenberg",$7.36M,Happy Here and Now,2005,R,-1,Drama,-1,"Karl Geary,Shalom Harlow,Clarence Williams, III,Ally Sheedy,Josephine Martin,Gloria Reuben,Liane Balaban",-1,0
7331186,46,20060,Harry Potter and the Prisoner of Azkaban,2004,PG,142 min,"Adventure, Family, Fantasy",Alfonso Cuarón,"Daniel Radcliffe,Emma Watson,Rupert Grint,Richard Griffiths",$249.36M,George and the Dragon,2004,PG,-1,-1,Tom Reeve,-1,-1,0
6981357,771,19003,"I Love You, Man",2009,R,105 min,"Comedy, Romance",John Hamburg,"Paul Rudd,Jason Segel,Rashida Jones,Sarah Burns",$71.44M,Capitalism: A Love Story,2009,R,127 minutes,Documentary,Michael Moore,-1,"$19,121,531",0
7211345,3123,19633,Things to Do in Denver When You're Dead,1995,R,115 min,"Crime, Drama",Gary Fleder,"Andy Garcia,Christopher Walken,Christopher Lloyd,William Forsythe",$0.53M,Candyman: Farewell to Flesh,1995,R,95 minutes,Horror,Bill Condon,-1,-1,0
1056177,4105,3166,The Princess Diaries,2001,G,111 min,"Comedy, Family, Romance",Garry Marshall,"Julie Andrews,Anne Hathaway,Hector Elizondo,Heather Matarazzo",$108.25M,The Princess Diaries,2001,G,115 minutes,Comedy,Garry Marshall,"Julie Andrews,Anne Hathaway","$165,334,774",1
8559893,3524,24115,The Skeleton Twins,2014,R,93 min,"Comedy, Drama, Romance",Craig Johnson,"Kristen Wiig,Bill Hader,Luke Wilson,Ty Burrell",$5.28M,The Skeleton Twins,2014,R,92 minutes,Drama,Craig Johnson,"Bill Hader,Kristen Wiig","$5,797,192",1
10778599,500,30456,Shaun of the Dead,2004,R,99 min,"Comedy, Horror",Edgar Wright,"Simon Pegg,Nick Frost,Kate Ashfield,Lucy Davis",$13.54M,The United States of Leland,2004,R,-1,Drama,-1,-1,-1,0
1226775,1033,3585,City of God,2002,R,130 min,"Crime, Drama",Fernando Meirelles,"Kátia Lund,Alexandre Rodrigues,Leandro Firmino,Matheus Nachtergaele,Phellipe Haagensen",$7.56M,Confessions of a Dangerous Mind,2002,R,113 minutes,Drama,George Clooney,Sam Rockwell,"$33,013,805",0
2342207,1626,6655,Melancholia,2011,R,135 min,"Drama, Fantasy, Sci-Fi",Lars von Trier,"Kirsten Dunst,Charlotte Gainsbourg,Kiefer Sutherland,Alexander Skarsgård",$3.03M,Melancholia,2011,R,135 minutes,Thriller/Suspense,Lars Von Trier,Kirsten Dunst,"$21,817,298",1
5855171,2594,15967,Lord of War,2005,R,122 min,"Crime, Drama, Thriller",Andrew Niccol,"Nicolas Cage,Ethan Hawke,Jared Leto,Bridget Moynahan",$24.15M,Death of a Dynasty,2005,R,92 minutes,Black Comedy,-1,-1,-1,0
3102909,2930,8786,Summer of Sam,1999,R,142 min,"Crime, Drama, Romance",Spike Lee,"John Leguizamo,Adrien Brody,Mira Sorvino,Jennifer Esposito",$19.28M,American Movie: The Making of Northwestern,1999,R,-1,Documentary,-1,-1,"$1,299,524",0
6542679,1660,17756,A History of Violence,2005,R,96 min,"Crime, Drama, Thriller",David Cronenberg,"Viggo Mortensen,Maria Bello,Ed Harris,William Hurt",$31.49M,The Ballad of Jack and Rose,2005,R,-1,Drama,-1,Daniel Day-Lewis,"$1,126,258",0
2297227,1711,6482,Tucker and Dale vs Evil,2010,R,89 min,"Comedy, Horror",Eli Craig,"Tyler Labine,Alan Tudyk,Katrina Bowden,Jesse Moss",$0.22M,Client 9: The Rise and Fall of Eliot Spitzer,2010,R,117 minutes,Documentary,Alex Gibney,-1,-1,0
4452306,2451,12463,Junebug,2005,R,106 min,"Comedy, Drama",Phil Morrison,"Embeth Davidtz,Alessandro Nivola,David Kuhn,Alicia Van Couvering",$2.68M,Junebug,2005,R,-1,Drama,-1,-1,"$3,553,253",1
5519922,166,15155,One Flew Over the Cuckoo's Nest,1975,R,133 min,Drama,Milos Forman,"Jack Nicholson,Louise Fletcher,Michael Berryman,Peter Brocco",$112.00M,One Flew Over the Cuckoo's Nest,1975,R,133 minutes,Drama,Milos Forman,Jack Nicholson,-1,1
8169802,2520,22963,Bad Lieutenant: Port of Call New Orleans,2009,R,122 min,"Crime, Drama",Werner Herzog,"Nicolas Cage,Eva Mendes,Russell M. Haeuser,Val Kilmer",$1.70M,Streets of Blood,2009,R,-1,Thriller/Suspense,-1,-1,-1,0
10936864,2217,30910,The Secret Life of Walter Mitty,2013,PG,114 min,"Adventure, Comedy, Drama",Ben Stiller,"Ben Stiller,Kristen Wiig,Jon Daly,Kathryn Hahn",$58.24M,The Ultimate Life,2013,PG,108 minutes,Drama,"Michael Landon, Jr.",Drew Waters,-1,0
5706452,314,15541,12 Years a Slave,2013,R,134 min,"Biography, Drama, History",Steve McQueen,"Chiwetel Ejiofor,Michael Kenneth Williams,Michael Fassbender,Brad Pitt",$56.67M,A Glimpse Inside the Mind of Charles Swan III,2013,R,85 minutes,Comedy,Roman Coppola,"Charlie Sheen,Jason Schwartzman,Katheryn Winnick,Patricia Arquette,Bill Murray",-1,0
3401263,3821,9583,The Quiet American,2002,R,101 min,"Drama, Mystery, Romance",Phillip Noyce,"Michael Caine,Brendan Fraser,Thi Hai Yen Do,Rade Serbedzija",$12.99M,American Adobo,2002,R,-1,Drama,-1,-1,-1,0
1565881,2216,4480,State and Main,2000,R,105 min,"Comedy, Drama",David Mamet,"Philip Seymour Hoffman,William H. Macy,Rebecca Pidgeon,Michael Higgins",$6.92M,Dr. T and the Women,2000,R,-1,Romantic Comedy,Robert Altman,Richard Gere,"$22,796,811",0
9710349,3947,27279,Sound of My Voice,2011,R,85 min,"Drama, Mystery, Sci-Fi",Zal Batmanglij,"Christopher Denham,Nicole Vicius,Brit Marling,Davenia McFadden",$0.41M,Rites of Passage,2011,R,-1,-1,-1,-1,-1,0
5335714,2915,14622,The Last Days of Disco,1998,R,113 min,"Comedy, Drama, Music",Whit Stillman,"Chloë Sevigny,Kate Beckinsale,Chris Eigeman,Mackenzie Astin",$2.99M,"First Love, Last Rites",1998,R,-1,Drama,-1,-1,-1,0
4384546,1392,12253,Born on the Fourth of July,1989,R,145 min,"Biography, Drama, War",Oliver Stone,"Tom Cruise,Raymond J. Barry,Caroline Kava,Josh Evans",$70.00M,A Nightmare On Elm Street: The Dream Child,1989,R,-1,Horror,Stephen Hopkins,-1,-1,0
5888769,999,16048,Dancer in the Dark,2000,R,140 min,"Crime, Drama, Musical",Lars von Trier,"Björk,Catherine Deneuve,David Morse,Peter Stormare",$4.18M,Once in the Life,2000,R,-1,-1,-1,-1,-1,0
7894139,925,22057,Elf,2003,PG,97 min,"Comedy, Family, Fantasy",Jon Favreau,"Will Ferrell,James Caan,Bob Newhart,Zooey Deschanel",$173.40M,Elf,2003,PG,97 minutes,Adventure,Jon Favreau,Will Ferrell,"$220,236,410",1
8766490,1098,24721,The Truman Show,1998,PG,103 min,"Comedy, Drama, Sci-Fi",Peter Weir,"Jim Carrey,Ed Harris,Laura Linney,Noah Emmerich",$125.62M,The Truman Show,1998,PG,104 minutes,Drama,Peter Weir,Jim Carrey,"$264,118,201",1
10405331,569,29044,End of Watch,2012,R,109 min,"Action, Crime, Drama",David Ayer,"Jake Gyllenhaal,Michael Peña,Anna Kendrick,America Ferrera",$41.00M,The Watch,2012,R,87 minutes,Comedy,Akiva Schaffer,"Ben Stiller,Vince Vaughn,Jonah Hill,Richard Ayoade","$67,130,045",0
8653596,62,24388,X-Men: Days of Future Past,2014,PG-13,132 min,"Action, Adventure, Sci-Fi",Bryan Singer,"Patrick Stewart,Ian McKellen,Hugh Jackman,James McAvoy",$233.92M,The Two Faces of January,2014,PG-13,98 minutes,Thriller/Suspense,Hossein Amini,"Viggo Mortensen,Kirsten Dunst,Oscar Isaac","$9,060,600",0
3586639,3018,10120,A Life Less Ordinary,1997,R,103 min,"Comedy, Crime, Fantasy",Danny Boyle,"Cameron Diaz,Ewan McGregor,Holly Hunter,Delroy Lindo",$4.27M,A Life Less Ordinary,1997,R,-1,Comedy,Danny Boyle,Cameron Diaz,"$14,633,270",1
1834972,1073,5246,The Lord of the Rings: The Two Towers,2002,PG-13,179 min,"Adventure, Drama, Fantasy",Peter Jackson,"Elijah Wood,Ian McKellen,Viggo Mortensen,Orlando Bloom",$342.55M,The Lord of the Rings: The Two Towers,2002,PG-13,179 minutes,Adventure,Peter Jackson,"Elijah Wood,Ian McKellen,Viggo Martensen","$934,699,645",1
1313886,3532,3841,The Rules of Attraction,2002,R,110 min,"Comedy, Drama, Romance",Roger Avary,"James Van Der Beek,Ian Somerhalder,Shannyn Sossamon,Jessica Biel",$6.53M,Love in the Time of Money,2002,R,-1,-1,-1,-1,-1,0
7927120,3571,22190,The Man Who Knew Too Little,1997,PG,94 min,"Action, Comedy, Crime",Jon Amiel,"Bill Murray,Joanne Whalley,Peter Gallagher,Richard Wilson",$13.80M,The Education of Little Tree,1997,PG,-1,-1,-1,-1,-1,0
6750832,2633,18275,Evil Dead,2013,R,91 min,"Fantasy, Horror, Thriller",Fede Alvarez,"Jane Levy,Shiloh Fernandez,Jessica Lucas,Lou Taylor Pucci",$54.24M,Dead Before Dawn 3D,2013,R,-1,Black Comedy,April Mullen,-1,-1,0
7686258,1490,21381,A Bronx Tale,1993,R,121 min,"Crime, Drama",Robert De Niro,"Robert De Niro,Chazz Palminteri,Lillo Brancato,Francis Capra",$17.27M,A Dangerous Woman,1993,R,99 minutes,Drama,Stephen Gyllenhaal,Debra Winger,-1,0
9650282,4003,27117,A Guide to Recognizing Your Saints,2006,R,100 min,"Crime, Drama",Dito Montiel,"Robert Downey Jr.,Rosario Dawson,Shia LaBeouf,Dianne Wiest",$0.52M,The Road to Guantanamo,2006,R,-1,Drama,Michael Winterbottom,-1,"$1,078,635",0
5594253,889,15321,Harry Potter and the Deathly Hallows: Part 1,2010,PG-13,146 min,"Adventure, Family, Fantasy",David Yates,"Daniel Radcliffe,Emma Watson,Rupert Grint,Bill Nighy",$295.98M,Fire and Ice,2010,PG-13,-1,-1,-1,-1,-1,0
8025904,2778,22437,A Tale of Two Cities,1935,Not Rated,128 min,"Drama, History, Romance",Jack Conway,"Robert Z. Leonard,Ronald Colman,Elizabeth Allan,Edna May Oliver,Reginald Owen",-1,A Tale of Two Cities,1935,Not Rated,123 minutes,Drama,Jack Conway,-1,-1,1
9195920,1554,25935,The Curious Case of Benjamin Button,2008,PG-13,166 min,"Drama, Fantasy, Romance",David Fincher,"Brad Pitt,Cate Blanchett,Tilda Swinton,Julia Ormond",$127.51M,The Secret Life of Bees,2008,PG-13,110 minutes,Drama,Gina Prince-Bythewood,"Queen Latifah,Dakota Fanning,Jennifer Hudson,Alicia Keys,Sophie Okonedo","$39,994,347",0
5385684,3607,14715,Basic Instinct,1992,R,127 min,"Crime, Drama, Mystery",Paul Verhoeven,"Michael Douglas,Sharon Stone,George Dzundza,Jeanne Tripplehorn",$117.73M,Basic Instinct,1992,R,128 minutes,Thriller/Suspense,Paul Verhoeven,"Sharon Stone,Michael Douglas","$352,700,000",1
6334388,2954,17214,Every Which Way But Loose,1978,PG,114 min,"Action, Comedy",James Fargo,"Clint Eastwood,Sondra Locke,Geoffrey Lewis,Beverly D'Angelo",$106.00M,Every Which Way but Loose,1978,PG,114 minutes,Comedy,-1,Clint Eastwood,-1,1
5438299,2531,14871,Pirates of the Caribbean: At World's End,2007,PG-13,169 min,"Action, Adventure, Fantasy",Gore Verbinski,"Johnny Depp,Orlando Bloom,Keira Knightley,Geoffrey Rush",$309.42M,King of California,2007,PG-13,-1,Drama,-1,"Michael Douglas,Evan Rachel Wood","$1,165,102",0
8213401,2930,23068,Summer of Sam,1999,R,142 min,"Crime, Drama, Romance",Spike Lee,"John Leguizamo,Adrien Brody,Mira Sorvino,Jennifer Esposito",$19.28M,The Story of Us,1999,R,-1,Romantic Comedy,Rob Reiner,"Bruce Willis,Michelle Pfeiffer",-1,0
2540202,2226,7173,New Jack City,1991,R,97 min,"Action, Crime, Drama",Mario Van Peebles,"Wesley Snipes,Ice-T,Allen Payne,Chris Rock",$47.62M,City of Hope,1991,R,-1,Drama,John Sayles,-1,-1,0
6543391,3578,17756,Tristram Shandy: A Cock and Bull Story,2005,R,94 min,Comedy,Michael Winterbottom,"Steve Coogan,Jeremy Northam,Rob Brydon,Keeley Hawes",$1.25M,The Ballad of Jack and Rose,2005,R,-1,Drama,-1,Daniel Day-Lewis,"$1,126,258",0
8637642,262,24334,The Silence of the Lambs,1991,R,118 min,"Crime, Drama, Thriller",Jonathan Demme,"Jodie Foster,Anthony Hopkins,Lawrence A. Bonney,Kasi Lemmons",$130.74M,The Silence of the Lambs,1991,R,118 minutes,Thriller/Suspense,Jonathan Demme,Jodie Foster,"$275,726,716",1
3898775,2814,10925,Licence to Kill,1989,PG-13,133 min,"Action, Adventure, Thriller",John Glen,"Timothy Dalton,Robert Davi,Carey Lowell,Talisa Soto",$34.67M,Licence to Kill,1989,PG-13,133 minutes,Action,John Glen,Timothy Dalton,"$156,167,015",1
5855370,3247,15967,Kingdom of Heaven,2005,R,144 min,"Action, Adventure, Drama",Ridley Scott,"Orlando Bloom,Eva Green,Liam Neeson,Martin Hancock",$47.40M,Death of a Dynasty,2005,R,92 minutes,Black Comedy,-1,-1,-1,0
6314503,2257,17146,A Tale of Two Sisters,2003,R,115 min,"Drama, Horror, Mystery",Jee-woon Kim,"Kap-su Kim,Jung-ah Yum,Soo-jung Lim,Geun-young Moon",-1,The Magdalene Sisters,2003,R,-1,Drama,Peter Mullan,-1,"$25,218,042",0
3226629,3731,9104,The End of the Affair,1999,R,102 min,"Drama, Romance",Neil Jordan,"Ralph Fiennes,Julianne Moore,Stephen Rea,Heather-Jay Jones",$10.66M,The Mating Habits of the Earthbound Human,1999,R,-1,-1,-1,-1,-1,0
1183445,2703,3472,The Drop,2014,R,106 min,"Crime, Drama",Michaël R. Roskam,"Tom Hardy,Noomi Rapace,James Gandolfini,Matthias Schoenaerts",$10.72M,The Drop,2014,R,107 minutes,Drama,Michael R. Roskam,"Tom Hardy,Noomi Rapace,James Gandolfini","$19,054,534",1
7883373,2914,22010,The Hobbit: The Battle of the Five Armies,2014,PG-13,144 min,"Adventure, Fantasy",Peter Jackson,"Ian McKellen,Martin Freeman,Richard Armitage,Cate Blanchett",$255.12M,The Face of Love,2014,PG-13,82 minutes,Drama,Arie Posin,"Annette Bening,Ed Harris","$1,158,877",0
8254526,1839,23173,Steve Jobs,2015,R,122 min,"Biography, Drama",Danny Boyle,"Michael Fassbender,Kate Winslet,Seth Rogen,Jeff Daniels",$17.75M,Steve Jobs: The Man in the Machine,2015,R,127 minutes,Documentary,Alex Gibney,-1,-1,0
6018908,890,16359,Children of Men,2006,R,109 min,"Drama, Sci-Fi, Thriller",Alfonso Cuarón,"Julianne Moore,Clive Owen,Chiwetel Ejiofor,Michael Caine",$35.55M,In Her Line of Fire,2006,R,-1,Action,-1,-1,-1,0
6939430,2195,18851,Bad Santa,2003,R,91 min,"Comedy, Crime, Drama",Terry Zwigoff,"Billy Bob Thornton,Bernie Mac,Lauren Graham,John Ritter",$60.06M,Bad Santa,2003,R,93 minutes,Black Comedy,Terry Zwigoff,"Billy Bob Thornton,Bernie Mac,Tony Cox,Brett Kelly","$77,147,031",1
3708347,3735,10470,The Best of Youth,2003,R,366 min,"Drama, Romance",Marco Tullio Giordana,"Luigi Lo Cascio,Alessio Boni,Jasmine Trinca,Sonia Bergamasco",$0.25M,Out of Control,2003,R,-1,-1,-1,-1,-1,0
9214062,3947,25970,Sound of My Voice,2011,R,85 min,"Drama, Mystery, Sci-Fi",Zal Batmanglij,"Christopher Denham,Nicole Vicius,Brit Marling,Davenia McFadden",$0.41M,World of the Dead: The Zombie Diaries,2011,R,-1,-1,-1,-1,-1,0
1369092,3894,3978,The Messenger: The Story of Joan of Arc,1999,R,148 min,"Adventure, Biography, Drama",Luc Besson,"Milla Jovovich,John Malkovich,Rab Affleck,Stéphane Algoud",$14.28M,The Dreamlife of Angels,1999,R,113 minutes,Drama,-1,-1,-1,0
8464881,321,23743,Guardians of the Galaxy,2014,PG-13,121 min,"Action, Adventure, Sci-Fi",James Gunn,"Chris Pratt,Vin Diesel,Bradley Cooper,Zoe Saldana",$333.18M,Son of God,2014,PG-13,138 minutes,Drama,Christopher Spencer,Diogo Morgado,"$70,949,793",0
8672942,57,24462,Harry Potter and the Deathly Hallows: Part 2,2011,PG-13,130 min,"Adventure, Drama, Fantasy",David Yates,"Daniel Radcliffe,Emma Watson,Rupert Grint,Michael Gambon",$381.01M,"The Twilight Saga: Breaking Dawn, Part 1",2011,PG-13,117 minutes,Drama,-1,"Kristen Stewart,Robert Pattinson,Taylor Lautner","$689,420,051",0
143991,526,464,Requiem for a Dream,2000,R,102 min,Drama,Darren Aronofsky,"Ellen Burstyn,Jared Leto,Jennifer Connelly,Marlon Wayans",$3.64M,Brown's Requiem,2000,R,-1,Thriller/Suspense,-1,-1,-1,0
5642900,3116,15439,Midnight in the Garden of Good and Evil,1997,R,155 min,"Crime, Drama, Mystery",Clint Eastwood,"John Cusack,Kevin Spacey,Jack Thompson,Irma P. Hall",$25.08M,The Lay of the Land,1997,R,-1,Comedy,Larry Arrick,-1,-1,0
10194667,3819,28561,Nothing to Lose,1997,R,98 min,"Action, Adventure, Comedy",Steve Oedekerk,"Martin Lawrence,Tim Robbins,John C. McGinley,Giancarlo Esposito",$44.46M,Welcome to Sarajevo,1997,R,-1,-1,Michael Winterbottom,-1,-1,0
5455884,1655,14947,Let Me In,2010,R,116 min,"Drama, Fantasy, Horror",Matt Reeves,"Kodi Smit-McPhee,Chloë Grace Moretz,Richard Jenkins,Cara Buono",$12.13M,Malice in Wonderland,2010,R,-1,-1,-1,-1,-1,0
5058124,2449,13983,The Man in the Iron Mask,1998,PG-13,132 min,"Action, Adventure",Randall Wallace,"Leonardo DiCaprio,Jeremy Irons,John Malkovich,Gérard Depardieu",$56.97M,Passion in the Desert,1998,PG-13,-1,-1,-1,-1,-1,0
2663322,1253,7515,Harry Potter and the Chamber of Secrets,2002,PG,161 min,"Adventure, Family, Fantasy",Chris Columbus,"Daniel Radcliffe,Rupert Grint,Emma Watson,Richard Harris",$261.99M,Little Secrets,2002,PG,-1,-1,-1,-1,-1,0
3634823,2275,10236,Behind the Mask: The Rise of Leslie Vernon,2006,R,92 min,"Comedy, Horror, Thriller",Scott Glosserman,"Nathan Baesel,Angela Goethals,Zelda Rubinstein,Robert Englund",$0.07M,Children of Men,2006,R,109 minutes,Thriller/Suspense,Alfonso CuarÃ³n,Clive Owen,"$69,845,011",0
5891993,2289,16054,Once Upon a Time in China,1991,R,134 min,"Action, Adventure, Biography",Hark Tsui,"Jet Li,Rosamund Kwan,Biao Yuen,Jacky Cheung",-1,Once Around,1991,R,-1,Comedy,Lasse HallstrÃ¶m,-1,-1,0
8609889,2732,24240,A Most Violent Year,2014,R,125 min,"Crime, Drama, Thriller",J.C. Chandor,"Oscar Isaac,Jessica Chastain,David Oyelowo,Alessandro Nivola",$5.74M,Sin City: A Dame to Kill For,2014,R,101 minutes,Action,Frank Miller,-1,"$39,499,349",0
9594953,4266,26972,Dead Snow,2009,Not Rated,91 min,"Comedy, Horror",Tommy Wirkola,"Jeppe Beck Laursen,Charlotte Frogner,Jenny Skavlan,Vegar Hoel",$0.04M,Robert Blecker Wants Me Dead,2009,Not Rated,-1,-1,-1,-1,-1,0
6018684,4237,16359,Tenacious D in The Pick of Destiny,2006,R,93 min,"Adventure, Comedy, Music",Liam Lynch,"Jack Black,Kyle Gass,JR Reed,Ronnie James Dio",$8.32M,In Her Line of Fire,2006,R,-1,Action,-1,-1,-1,0
1030501,2250,3096,Searching for Sugar Man,2012,PG-13,86 min,"Documentary, Biography, Music",Malik Bendjelloul,"Rodriguez,Stephen 'Sugar' Segerman,Dennis Coffey,Mike Theodore",$3.97M,Loving the Bad Man,2012,PG-13,100 minutes,Drama,Peter Engert,-1,-1,0
5695893,2257,15516,A Tale of Two Sisters,2003,R,115 min,"Drama, Horror, Mystery",Jee-woon Kim,"Kap-su Kim,Jung-ah Yum,Soo-jung Lim,Geun-young Moon",-1,A Decade Under the Influence,2003,R,-1,Documentary,Richard LaGravenese,-1,-1,0
1150573,1267,3412,Harry Potter and the Order of the Phoenix,2007,PG-13,138 min,"Adventure, Family, Fantasy",David Yates,"Daniel Radcliffe,Emma Watson,Rupert Grint,Brendan Gleeson",$292.00M,Blood and Chocolate,2007,PG-13,98 minutes,Horror,Katja von Garnier,Agnes Bruckner,"$6,551,310",0
3004852,2472,8523,A Scanner Darkly,2006,R,100 min,"Animation, Crime, Drama",Richard Linklater,"Keanu Reeves,Winona Ryder,Robert Downey Jr.,Rory Cochrane",$5.50M,Notes on a Scandal,2006,R,92 minutes,Drama,Richard Eyre,"Judi Dench,Cate Blanchett","$50,578,411",0
108966,2552,295,Bulworth,1998,R,108 min,"Comedy, Drama, Romance",Warren Beatty,"Warren Beatty,Halle Berry,Kimberly Deauna Adams,Vinny Argiro",$26.53M,Bulworth,1998,R,-1,Comedy,Warren Beatty,Warren Beatty,"$29,203,383",1
4892460,1157,13592,Chariots of Fire,1981,PG,125 min,"Biography, Drama, Sport",Hugh Hudson,"Ben Cross,Ian Charleson,Nicholas Farrell,Nigel Havers",$58.97M,The Legend of the Lone Ranger,1981,PG,100 minutes,Western,-1,-1,-1,0
1110213,3929,3302,Metallica: Some Kind of Monster,2004,Not Rated,141 min,"Documentary, Music",Joe Berlinger,"Bruce Sinofsky,James Hetfield,Kirk Hammett,Lars Ulrich,Robert Trujillo",$1.22M,Conspiracy of Silence,2004,Not Rated,90 minutes,Drama,-1,-1,"$73,595",0
10358383,2549,28953,Batman: Under the Red Hood,2010,PG-13,75 min,"Animation, Action, Crime",Brandon Vietti,"Bruce Greenwood,Jensen Ackles,John DiMaggio,Neil Patrick Harris",-1,The Red Baron,2010,PG-13,106 minutes,Drama,Nikolai Muellerschoen,Matthias Schweighofer,-1,0
9375260,3116,26354,Midnight in the Garden of Good and Evil,1997,R,155 min,"Crime, Drama, Mystery",Clint Eastwood,"John Cusack,Kevin Spacey,Jack Thompson,Irma P. Hall",$25.08M,Romy and Michele's High School Reunion,1997,R,-1,Comedy,-1,-1,-1,0
4614039,2422,12916,The Book of Eli,2010,R,118 min,"Action, Adventure, Drama",Albert Hughes,"Allen Hughes,Denzel Washington,Mila Kunis,Ray Stevenson,Gary Oldman",$94.84M,Night of the Living Dead Re-Animation,2010,R,-1,-1,-1,-1,-1,0
3972547,4054,11080,Tears of the Sun,2003,R,121 min,"Action, Drama, Thriller",Antoine Fuqua,"Bruce Willis,Cole Hauser,Monica Bellucci,Eamonn Walker",$43.73M,The Other Side of the Bed,2003,R,-1,-1,-1,-1,-1,0
650403,3064,1834,Lord of the Flies,1990,R,90 min,"Adventure, Drama, Thriller",Harry Hook,"Balthazar Getty,Chris Furrh,Danuel Pipoly,James Badge Dale",$13.99M,Book of Love,1990,R,-1,Comedy,-1,-1,-1,0
4539208,580,12713,Enemy of the State,1998,R,132 min,"Action, Crime, Mystery",Tony Scott,"Will Smith,Gene Hackman,Jon Voight,Lisa Bonet",$111.55M,The Opposite of Sex,1998,R,-1,Black Comedy,-1,-1,-1,0
796423,989,2340,A Serious Man,2009,R,106 min,"Comedy, Drama",Ethan Coen,"Joel Coen,Michael Stuhlbarg,Richard Kind,Sari Lennick,Fred Melamed",$9.19M,Bodyguard: A New Beginning,2009,R,-1,-1,-1,-1,-1,0
7746527,4172,21560,Encino Man,1992,PG,88 min,Comedy,Les Mayfield,"Sean Astin,Brendan Fraser,Pauly Shore,Megan Ward",$40.69M,Encino Man,1992,PG,-1,Comedy,Les Mayfield,-1,-1,1
8846399,3049,24944,The House of the Devil,2009,R,95 min,Horror,Ti West,"Jocelin Donahue,Tom Noonan,Mary Woronov,Greta Gerwig",$0.10M,Tricks of a Woman,2009,R,-1,-1,-1,-1,-1,0
5626190,380,15385,Gangs of New York,2002,R,167 min,"Crime, Drama",Martin Scorsese,"Leonardo DiCaprio,Cameron Diaz,Daniel Day-Lewis,Jim Broadbent",$77.81M,New Best Friend,2002,R,-1,-1,-1,-1,-1,0
5430644,3752,14862,Cedar Rapids,2011,R,87 min,Comedy,Miguel Arteta,"Ed Helms,John C. Reilly,Anne Heche,Isiah Whitlock Jr.",$6.86M,Cedar Rapids,2011,R,87 minutes,Comedy,Miguel Arteta,Ed Helms,"$7,862,131",1
7211428,1980,19634,Candyman,1992,R,99 min,"Horror, Thriller",Bernard Rose,"Virginia Madsen,Xander Berkeley,Tony Todd,Kasi Lemmons",$25.79M,Candyman,1992,R,-1,Horror,-1,-1,-1,1
6320757,3248,17171,War of the Worlds,2005,PG-13,116 min,"Adventure, Sci-Fi, Thriller",Steven Spielberg,"Tom Cruise,Dakota Fanning,Tim Robbins,Miranda Otto",$234.28M,The Last Mogul: Life and Times of Lew Wasserman,2005,PG-13,-1,Documentary,-1,-1,-1,0
3274374,1726,9227,Harry Potter and the Half-Blood Prince,2009,PG,153 min,"Adventure, Family, Fantasy",David Yates,"Daniel Radcliffe,Emma Watson,Rupert Grint,Michael Gambon",$301.96M,Owl and the Sparrow,2009,PG,-1,Drama,-1,-1,-1,0
10289049,4244,28808,Red Cliff II,2009,-1,142 min,"Action, Drama, History",John Woo,"Tony Chiu-Wai Leung,Takeshi Kaneshiro,Fengyi Zhang,Chen Chang",$0.63M,Red Sands,2009,-1,-1,Horror,-1,-1,-1,0
7594486,2543,21001,The War of the Roses,1989,R,116 min,Comedy,Danny DeVito,"Michael Douglas,Kathleen Turner,Danny DeVito,Marianne Sägebrecht",$86.89M,Halloween 5: The Revenge of Michael Myers,1989,R,-1,Horror,-1,-1,-1,0
10560330,1261,29525,Dead Man Walking,1995,R,122 min,"Crime, Drama",Tim Robbins,"Susan Sarandon,Sean Penn,Robert Prosky,Raymond J. Barry",$39.39M,The Walking Dead,1995,R,-1,Drama,-1,-1,-1,0
2617803,3476,7359,Boy A,2007,R,102 min,Drama,John Crowley,"Andrew Garfield,Peter Mullan,Shaun Evans,Siobhan Finneran",$0.11M,A Little Trip to Heaven,2007,R,-1,Thriller/Suspense,-1,-1,-1,0
2692748,1267,7644,Harry Potter and the Order of the Phoenix,2007,PG-13,138 min,"Adventure, Family, Fantasy",David Yates,"Daniel Radcliffe,Emma Watson,Rupert Grint,Brendan Gleeson",$292.00M,Pirates of the Caribbean: At Worldâ€™s End,2007,PG-13,167 minutes,Adventure,Gore Verbinski,"Johnny Depp,Geoffrey Rush,Orlando Bloom,Keira Knightley,Jack Davenport","$963,420,425",0
2119743,500,5979,Shaun of the Dead,2004,R,99 min,"Comedy, Horror",Edgar Wright,"Simon Pegg,Nick Frost,Kate Ashfield,Lucy Davis",$13.54M,The Merchant of Venice,2004,R,-1,Drama,Michael Radford,Al Pacino,"$18,765,585",0
2455625,3595,6974,Flags of our Fathers,2006,R,135 min,"Drama, History, War",Clint Eastwood,"Ryan Phillippe,Barry Pepper,Joseph Cross,Jesse Bradford",$33.60M,Hood of Horror,2006,R,-1,Comedy,-1,-1,-1,0
979663,2487,2924,Maria Full of Grace,2004,R,101 min,"Crime, Drama",Joshua Marston,"Catalina Sandino Moreno,Guilied Lopez,Orlando Tobón,Virgina Ariza",$6.52M,The Assassination of Richard Nixon,2004,R,-1,Drama,-1,-1,"$1,140,051",0
4548868,4210,12727,Beasts of No Nation,2015,Not Rated,137 min,"Drama, War",Cary Joji Fukunaga,"Abraham Attah,Emmanuel Affadzi,Ricky Adelayitor,Andrew Adote",$0.08M,Beasts of No Nation,2015,Not Rated,137 minutes,Drama,Cary Joji Fukinaga,"Idris Elba,Kurt Egyiawan,Jude Akuwudike,Emmanuel 'King King' Nii Adom Quaye,Abraham Attah",-1,1
7624539,1615,21101,I Saw the Devil,2010,Not Rated,142 min,"Action, Drama, Horror",Jee-woon Kim,"Byung-hun Lee,Min-sik Choi,Joon-hyeok Lee,In-seo Kim",$0.13M,I Dood It,2010,Not Rated,102 minutes,Musical,Vincente Minnelli,"Red Skelton,Eleanor Powell,Jimmy Dorsey and His Orchestra",-1,0
8799334,2427,24811,Sherlock Holmes: A Game of Shadows,2011,PG-13,129 min,"Action, Adventure, Crime",Guy Ritchie,"Robert Downey Jr.,Jude Law,Jared Harris,Rachel McAdams",$186.85M,Sherlock Holmes: A Game of Shadows,2011,PG-13,129 minutes,Action,Guy Ritchie,"Robert Downey, Jr.,Jude Law,Noomi Rapace,Rachel McAdams,Jared Harris","$535,663,443",1
6477281,2217,17596,The Secret Life of Walter Mitty,2013,PG,114 min,"Adventure, Comedy, Drama",Ben Stiller,"Ben Stiller,Kristen Wiig,Jon Daly,Kathryn Hahn",$58.24M,The Adventures of Mickey Matson and the Copperhead Treasure,2013,PG,-1,Adventure,Harold Cronk,-1,-1,0
9129957,1697,25856,Beasts of the Southern Wild,2012,PG-13,93 min,"Adventure, Drama, Fantasy",Benh Zeitlin,"Quvenzhané Wallis,Dwight Henry,Levy Easterly,Lowell Landes",$12.80M,Wrath of the Titans,2012,PG-13,99 minutes,Adventure,Jonathan Liebesman,"Sam Worthington,Liam Neeson,Ralph Fiennes,Toby Kebbell,Rosamund Pike","$305,270,083",0
52331,3476,116,Boy A,2007,R,102 min,Drama,John Crowley,"Andrew Garfield,Peter Mullan,Shaun Evans,Siobhan Finneran",$0.11M,Butterfly on a Wheel,2007,R,-1,Drama,Mike Barker,-1,-1,0
10240908,3436,28696,A Personal Journey with Martin Scorsese Through American Movies,1995,-1,225 min,Documentary,Martin Scorsese,"Michael Henry Wilson,Martin Scorsese,Allison Anders,Kathryn Bigelow,Francis Ford Coppola",-1,Reflections on a Crime,1995,-1,-1,-1,-1,-1,-1,0
10847483,3123,30699,Things to Do in Denver When You're Dead,1995,R,115 min,"Crime, Drama",Gary Fleder,"Andy Garcia,Christopher Walken,Christopher Lloyd,William Forsythe",$0.53M,Vampire in Brooklyn,1995,R,-1,Horror,Wes Craven,Eddie Murphy,-1,0
9196070,1960,25935,Quantum of Solace,2008,PG-13,106 min,"Action, Adventure, Thriller",Marc Forster,"Daniel Craig,Olga Kurylenko,Mathieu Amalric,Judi Dench",$168.37M,The Secret Life of Bees,2008,PG-13,110 minutes,Drama,Gina Prince-Bythewood,"Queen Latifah,Dakota Fanning,Jennifer Hudson,Alicia Keys,Sophie Okonedo","$39,994,347",0
6596578,57,17839,Harry Potter and the Deathly Hallows: Part 2,2011,PG-13,130 min,"Adventure, Drama, Fantasy",David Yates,"Daniel Radcliffe,Emma Watson,Rupert Grint,Michael Gambon",$381.01M,Harry Potter and the Deathly Hallows: Part II,2011,PG-13,131 minutes,Adventure,David Yates,"Ralph Fiennes,Daniel Radcliffe,Rupert Grint,Emma Watson","$1,341,511,219",1
7683040,1944,21355,In the Company of Men,1997,R,97 min,"Comedy, Drama",Neil LaBute,"Aaron Eckhart,Matt Malloy,Stacy Edwards,Michael Martin",$2.86M,The End of Violence,1997,R,-1,-1,Wim Wenders,-1,-1,0
9041885,2737,25576,The Rundown,2003,PG-13,104 min,"Action, Adventure, Comedy",Peter Berg,"Dwayne Johnson,Seann William Scott,Christopher Walken,Rosario Dawson",$47.73M,The Rundown,2003,PG-13,-1,Action,Peter Berg,Dwayne Johnson,"$80,831,893",1
6044855,601,16414,Beautiful Girls,1996,R,112 min,"Comedy, Drama, Romance",Ted Demme,"Matt Dillon,Timothy Hutton,Noah Emmerich,Annabeth Gish",$10.60M,Girls Town,1996,R,-1,-1,-1,-1,-1,0
5161796,4288,14182,The End of the Tour,2015,R,106 min,"Biography, Drama",James Ponsoldt,"Jason Segel,Jesse Eisenberg,Anna Chlumsky,Mamie Gummer",$2.99M,Alex of Venice,2015,R,87 minutes,Drama,Chris Messina,Mary Elizabeth Winstead,$588,0
6628834,498,17932,Jerry Maguire,1996,R,139 min,"Comedy, Drama, Romance",Cameron Crowe,"Tom Cruise,Cuba Gooding Jr.,Renée Zellweger,Kelly Preston",$153.95M,Jerry Maguire,1996,R,135 minutes,Romantic Comedy,Cameron Crowe,Tom Cruise,"$274,000,000",1
8951539,137,25216,The Perks of Being a Wallflower,2012,PG-13,102 min,"Drama, Romance",Stephen Chbosky,"Logan Lerman,Emma Watson,Ezra Miller,Paul Rudd",$17.74M,Trade of Innocents,2012,PG-13,91 minutes,Thriller/Suspense,Christopher Bessette,"Dermot Mulroney,Mira Sorvino",-1,0
9065480,583,25650,Eternal Sunshine of the Spotless Mind,2004,R,108 min,"Drama, Romance, Sci-Fi",Michel Gondry,"Jim Carrey,Kate Winslet,Tom Wilkinson,Gerry Robert Byrne",$34.40M,Seed of Chucky,2004,R,-1,Horror,-1,-1,"$24,716,190",0
8944751,3947,25193,Sound of My Voice,2011,R,85 min,"Drama, Mystery, Sci-Fi",Zal Batmanglij,"Christopher Denham,Nicole Vicius,Brit Marling,Davenia McFadden",$0.41M,Trail of Blood,2011,R,-1,Horror,-1,-1,-1,0
1313258,1843,3841,Confessions of a Dangerous Mind,2002,R,113 min,"Biography, Comedy, Crime",George Clooney,"Sam Rockwell,Drew Barrymore,George Clooney,Julia Roberts",$16.00M,Love in the Time of Money,2002,R,-1,-1,-1,-1,-1,0
7643654,2790,21154,Of Mice and Men,1992,PG-13,115 min,Drama,Gary Sinise,"John Malkovich,Gary Sinise,Ray Walston,Casey Siemaszko",$5.10M,Far and Away,1992,PG-13,140 minutes,Drama,Ron Howard,"Tom Cruise,Nicole Kidman",-1,0
6858461,4170,18621,Pacific Heights,1990,R,102 min,Thriller,John Schlesinger,"Melanie Griffith,Matthew Modine,Michael Keaton,Mako",$29.38M,Pacific Heights,1990,R,103 minutes,Thriller/Suspense,John Schlesinger,"Melanie Griffith,Matthew Modine,Michael Keaton",-1,1
5978037,2189,16273,Zack and Miri Make a Porno,2008,R,101 min,"Comedy, Romance",Kevin Smith,"Seth Rogen,Elizabeth Banks,Craig Robinson,Gerry Bednob",$31.46M,"On the Other Hand, Death: A Donald Strachey Mystery",2008,R,-1,Thriller/Suspense,-1,-1,-1,0
4824779,1559,13441,Hellraiser,1987,R,94 min,"Horror, Thriller",Clive Barker,"Andrew Robinson,Clare Higgins,Ashley Laurence,Sean Chapman",$14.56M,Hellraiser,1987,R,94 minutes,Horror,-1,Ashley Laurence,"$14,575,148",1
7765639,4240,21596,The Family Man,2000,PG-13,125 min,"Comedy, Drama, Fantasy",Brett Ratner,"Nicolas Cage,Téa Leoni,Don Cheadle,Jeremy Piven",$75.79M,The Family Man,2000,PG-13,125 minutes,Comedy,Brett Ratner,"Nicolas Cage,TÃ©a Leoni,Jake Miklovich,Ryan Milkovich","$124,715,863",1
4386385,488,12256,Once Upon a Time in America,1984,R,229 min,"Crime, Drama",Sergio Leone,"Robert De Niro,James Woods,Elizabeth McGovern,Treat Williams",$5.32M,A Nightmare on Elm Street,1984,R,91 minutes,Horror,Wes Craven,"Heather Langenkamp,Robert Englund",-1,0
3004733,2769,8523,Wristcutters: A Love Story,2006,R,88 min,"Comedy, Drama, Fantasy",Goran Dukic,"Patrick Fugit,Shea Whigham,Tom Waits,Shannyn Sossamon",$0.32M,Notes on a Scandal,2006,R,92 minutes,Drama,Richard Eyre,"Judi Dench,Cate Blanchett","$50,578,411",0
3843765,142,10791,The Devil's Backbone,2001,R,106 min,"Drama, Horror",Guillermo del Toro,"Marisa Paredes,Eduardo Noriega,Federico Luppi,Fernando Tielve",$0.75M,The Devil's Backbone,2001,R,106 minutes,Horror,Guillermo del Toro,-1,-1,1
5456169,583,14955,Eternal Sunshine of the Spotless Mind,2004,R,108 min,"Drama, Romance, Sci-Fi",Michel Gondry,"Jim Carrey,Kate Winslet,Tom Wilkinson,Gerry Robert Byrne",$34.40M,Particles of Truth,2004,R,-1,-1,-1,-1,-1,0
3728387,2769,10526,Wristcutters: A Love Story,2006,R,88 min,"Comedy, Drama, Fantasy",Goran Dukic,"Patrick Fugit,Shea Whigham,Tom Waits,Shannyn Sossamon",$0.32M,Perfume: The Story of a Murderer,2006,R,-1,Drama,Tom Tykwer,Ben Whishaw,"$133,603,463",0
5296933,2543,14493,The War of the Roses,1989,R,116 min,Comedy,Danny DeVito,"Michael Douglas,Kathleen Turner,Danny DeVito,Marianne Sägebrecht",$86.89M,Next of Kin,1989,R,-1,Action,-1,"Patrick Swayze,Liam Neeson",-1,0
7557763,1501,20890,L.A. Story,1991,PG-13,95 min,"Comedy, Drama, Fantasy",Mick Jackson,"Steve Martin,Victoria Tennant,Richard E. Grant,Sarah Jessica Parker",$28.86M,L.A. Story,1991,PG-13,-1,Comedy,Mick Jackson,Steve Martin,-1,1
4785773,2539,13364,Batman Beyond: Return of the Joker,2000,PG-13,76 min,"Animation, Action, Crime",Curt Geda,"Will Friedle,Mark Hamill,Kevin Conroy,Angie Harmon",-1,Battlefield Earth: A Saga of the Year 3000,2000,PG-13,-1,Action,-1,John Travolta,"$29,725,663",0
5716921,3076,15568,Enron: The Smartest Guys in the Room,2005,Not Rated,110 min,Documentary,Alex Gibney,"John Beard,Tim Belden,Barbara Boxer,George W. Bush",-1,Caterina va in cittÃ,2005,Not Rated,-1,Drama,-1,-1,-1,0
2408932,3947,6883,Sound of My Voice,2011,R,85 min,"Drama, Mystery, Sci-Fi",Zal Batmanglij,"Christopher Denham,Nicole Vicius,Brit Marling,Davenia McFadden",$0.41M,Clash of Empires,2011,R,-1,Action,-1,-1,-1,0
6079456,300,16538,Magnolia,1999,R,188 min,Drama,Paul Thomas Anderson,"Tom Cruise,Jason Robards,Julianne Moore,Philip Seymour Hoffman",$22.46M,Magnolia,1999,R,189 minutes,Drama,Paul Thomas Anderson,-1,"$48,446,802",1
10692280,3446,30068,You've Got Mail,1998,PG,119 min,"Comedy, Drama, Romance",Nora Ephron,"Tom Hanks,Meg Ryan,Greg Kinnear,Parker Posey",$115.82M,You've Got Mail,1998,PG,119 minutes,Drama,Nora Ephron,"Tom Hanks,Meg Ryan","$250,800,000",1
1677384,2907,4774,Once Upon a Time in Mexico,2003,R,102 min,"Action, Thriller",Robert Rodriguez,"Antonio Banderas,Salma Hayek,Johnny Depp,Willem Dafoe",$56.36M,Lost in La Mancha,2003,R,-1,Documentary,Keith Fulton,Jean Rochefort,"$2,440,345",0
9066428,4189,25666,Reign of Fire,2002,PG-13,101 min,"Action, Adventure, Fantasy",Rob Bowman,"Matthew McConaughey,Christian Bale,Izabella Scorupco,Gerard Butler",$43.06M,A Rumor of Angels,2002,PG-13,-1,-1,-1,-1,-1,0
7051898,3170,19176,The Kings of Summer,2013,R,95 min,"Adventure, Comedy, Drama",Jordan Vogt-Roberts,"Nick Robinson,Gabriel Basso,Moises Arias,Nick Offerman",$1.29M,The Day of the Seige,2013,R,-1,-1,-1,-1,-1,0
5852378,4003,15962,A Guide to Recognizing Your Saints,2006,R,100 min,"Crime, Drama",Dito Montiel,"Robert Downey Jr.,Rosario Dawson,Shia LaBeouf,Dianne Wiest",$0.52M,Death of a President,2006,R,-1,Drama,-1,-1,-1,0
4736531,3116,13223,Midnight in the Garden of Good and Evil,1997,R,155 min,"Crime, Drama, Mystery",Clint Eastwood,"John Cusack,Kevin Spacey,Jack Thompson,Irma P. Hall",$25.08M,Alive and Kicking,1997,R,98 minutes,Comedy,-1,Jason Flemyng,-1,0
6678000,2111,18060,The Quick and the Dead,1995,R,107 min,"Action, Romance, Thriller",Sam Raimi,"Sharon Stone,Gene Hackman,Russell Crowe,Leonardo DiCaprio",$18.64M,Dead Man Walking,1995,R,122 minutes,Drama,Tim Robbins,Susan Sarandon,"$83,088,295",0
246755,500,724,Shaun of the Dead,2004,R,99 min,"Comedy, Horror",Edgar Wright,"Simon Pegg,Nick Frost,Kate Ashfield,Lucy Davis",$13.54M,Bridget Jones: The Edge Of Reason,2004,R,108 minutes,Romantic Comedy,Beeban Kidron,RenÃ©e Zellweger,"$263,894,551",0
8677191,3662,24467,"Batman: The Dark Knight Returns, Part 1",2012,PG-13,76 min,"Animation, Action, Adventure",Jay Oliva,"Peter Weller,Ariel Winter,David Selby,Wade Williams",-1,"The Twilight Saga: Breaking Dawn, Part 2",2012,PG-13,115 minutes,Drama,-1,"Kristen Stewart,Robert Pattinson,Taylor Lautner","$829,724,737",0
4060261,1960,11299,Quantum of Solace,2008,PG-13,106 min,"Action, Adventure, Thriller",Marc Forster,"Daniel Craig,Olga Kurylenko,Mathieu Amalric,Judi Dench",$168.37M,The Other End of the Line,2008,PG-13,-1,Romantic Comedy,James Dodson,-1,"$507,446",0
3102456,1619,8786,Ghost Dog: The Way of the Samurai,1999,R,116 min,"Action, Crime, Drama",Jim Jarmusch,"Forest Whitaker,Henry Silva,John Tormey,Cliff Gorman",$3.31M,American Movie: The Making of Northwestern,1999,R,-1,Documentary,-1,-1,"$1,299,524",0
4847679,3072,13520,Kiss the Girls,1997,R,115 min,"Crime, Drama, Mystery",Gary Fleder,"Morgan Freeman,Ashley Judd,Cary Elwes,Alex McArthur",$60.53M,Kiss or Kill,1997,R,-1,Thriller/Suspense,-1,-1,-1,0
804745,57,2378,Harry Potter and the Deathly Hallows: Part 2,2011,PG-13,130 min,"Adventure, Drama, Fantasy",David Yates,"Daniel Radcliffe,Emma Watson,Rupert Grint,Michael Gambon",$381.01M,Atlas Shrugged: Part 1,2011,PG-13,97 minutes,Drama,Paul Johansson,Taylor Schilling,-1,0
6724083,2520,18196,Bad Lieutenant: Port of Call New Orleans,2009,R,122 min,"Crime, Drama",Werner Herzog,"Nicolas Cage,Eva Mendes,Russell M. Haeuser,Val Kilmer",$1.70M,Last Day of Summer,2009,R,-1,Drama,-1,-1,-1,0
6075187,1325,16514,On Golden Pond,1981,PG,109 min,Drama,Mark Rydell,"Katharine Hepburn,Henry Fonda,Jane Fonda,Doug McKeon",$119.29M,On Golden Pond,1981,PG,109 minutes,Drama,-1,-1,-1,1
10345090,3520,28934,Men of Honor,2000,R,129 min,"Biography, Drama",George Tillman Jr.,"Cuba Gooding Jr.,Robert De Niro,Charlize Theron,Aunjanue Ellis",$48.82M,The Way of the Gun,2000,R,-1,Action,-1,-1,"$13,061,935",0
6521484,2386,17691,Brave,2012,PG,93 min,"Animation, Adventure, Comedy",Mark Andrews,"Brenda Chapman,Steve Purcell,Kelly Macdonald,Billy Connolly,Emma Thompson,Julie Walters",$237.28M,Kiara The Brave,2012,PG,-1,-1,-1,-1,-1,0
8123910,1770,22771,Sunshine,2007,R,107 min,"Adventure, Sci-Fi, Thriller",Danny Boyle,"Cillian Murphy,Rose Byrne,Chris Evans,Cliff Curtis",$3.68M,Sunshine,2007,R,107 minutes,Thriller/Suspense,Danny Boyle,"Cillian Murphy,Michelle Yeoh,Rose Byrne,Troy Garity,Hiroyuki Sanada,Benedict Wong,Mark Strong,Chris Evans,Cliff Curtis","$32,030,610",1
10487787,1602,29283,Twin Peaks: Fire Walk with Me,1992,R,135 min,"Drama, Horror, Mystery",David Lynch,"Sheryl Lee,Ray Wise,Mädchen Amick,Dana Ashbrook",$4.16M,Rapid Fire,1992,R,-1,Action,Dwight H. Little,-1,-1,0
976777,3049,2908,The House of the Devil,2009,R,95 min,Horror,Ti West,"Jocelin Donahue,Tom Noonan,Mary Woronov,Greta Gerwig",$0.10M,The Private Lives of Pippa Lee,2009,R,-1,Drama,-1,-1,-1,0
